exercise_name,parent,leaf_class
py_file_input_stat,CheckingInWhileLoop,IfCheckingInWhileLoop
py_file_input_stat,WhileLoopWithUpdate,WhileLoopWith*=
py_input_stat2,CheckingInWhileLoop,IfCheckingInWhileLoop
py_first_char_words_dict,CheckingInWhileLoop,IfCheckingInWhileLoop
ae_adl_simple_arithmetics,HandlingObjectOrientedProgramming,CallingOOPMethod
ae_adl_simple_arithmetics,HandlingObjectOrientedProgramming,CreatingObject
ae_adl_nested_if,HandlingNestedFunction,CallingNestedFunction
ae_adl_format1,HandlingAdvancedDataStructure,BinaryTreeTask
ae_adl_format1,HandlingAdvancedDataStructure,LinkedListTask
ae_adl_format1,HandlingAdvancedDataStructure,StackTask
ae_adl_format1,HandlingError,HandlingSpecificError
ae_adl_format1,HandlingError,HandlingGeneralError
ae_adl_functions1,HandlingInteger,TransformingToIntType
ae_adl_functions1,ModifyingStringCase,ConvertStringToUpperCase
ae_adl_functions1,ModifyingStringCase,ConvertStringToLowerCase
ae_adl_functions1,ModifyingStringCase,CapitalizeString
q_py_topic_dictionary:q_py_dict_access1,HandlingFunctionCallingFunction,CallingFunctionCallingFunction
q_py_topic_dictionary:q_py_dict_access1,WhileLoopWithUpdate,WhileLoopWith*=
q_py_topic_file_processing:q_py_file1,CheckingInWhileLoop,IfCheckingInWhileLoop
q_py_topic_if_statement:q_py_nested_if1,HandlingFloat,TransformingToFloatType
q_py_topic_if_statement:q_py_nested_if_elif1,HandlingInteger,TransformingToIntType
q_py_topic_if_statement:q_py_nested_if_elif2,HandlingString,SplittingString
q_py_topic_lists:q_py_list_access2,HandlingAdvancedDataStructure,LinkedListTask
q_py_topic_lists:q_py_list_append1,HandlingAdvancedDataStructure,StackTask
q_py_topic_lists:q_py_list_append1,WhileLoopWithUpdate,WhileLoopWith*=
q_py_topic_logical_operators:q_py_account_logic1,HandlingFloat,TransformingToFloatType
q_py_topic_logical_operators:q_py_comparison_logic1,HandlingTuple,CreatingTuple
q_py_topic_logical_operators:q_py_comparison_logic1,HandlingTuple,SlicingTuple
q_py_topic_loops:q_py_for_loop1,HandlingStandardFunction,CallingStandardFunction
q_py_topic_loops:q_py_for_loop1,HandlingStandardFunction,DefiningStandardFunction
q_py_topic_output_formatting:q_py_output1,CheckingInWhileLoop,IfCheckingInWhileLoop
q_py_topic_output_formatting:q_py_output2,CheckingCondition,IfElseChecking
q_py_topic_output_formatting:q_py_output3,CheckingInWhileLoop,IfElifElseCheckingInWhileLoop
q_py_topic_output_formatting:q_py_output3,HandlingFloat,TransformingToFloatType
q_py_topic_references:q_py_list_int_ref1,CheckingInWhileLoop,IfCheckingInWhileLoop
q_py_topic_references:q_py_list_str_ref1,CheckingInWhileLoop,IfCheckingInWhileLoop
q_py_topic_references:q_py_str_ref1,CheckingInWhileLoop,IfCheckingInWhileLoop
q_py_topic_strings:q_py_concat_strings1,WhileLoopWithUpdate,WhileLoopWith*=
ae_python_intro,CheckingInForLoop,IfElifElseCheckingInForLoop
ae_python_for,Python,Importing
ae_python_for,ManagingVariable,AssigningVariable
ae_python_for,HandlingObjectOrientedProgramming,CallingOOPMethod
ae_python_for,HandlingObjectOrientedProgramming,CreatingObject
ae_python_for,HandlingObjectOrientedProgramming,DefiningClass
ae_python_for,HandlingObjectOrientedProgramming,DefiningOOPMethod
ae_python_for,ArithmeticOperation,Round
ae_python_for,ArithmeticOperation,FindMinimum
ae_python_for,HandlingList,DeletingListElement
ae_python_for,HandlingList,IndexingList
ae_python_for,HandlingList,CreatingList
ae_python_for,AddingListElement,AddingListElementWithInsert
ae_python_for,AddingListElement,AddingListElementWithAppend
ae_python_class2,CheckingInForLoop,IfElifElseCheckingInForLoop
ae_adl_vals_refs2,Python,HandlingInput
ae_adl_vals_refs3,ArithmeticOperation,Multiplication
q_py_topic_strings:q_py_substring1,CheckingInWhileLoop,IfCheckingInWhileLoop
q_py_topic_strings:q_py_substring1,ArithmeticOperation,Division
q_py_topic_variables:q_py_swap1,CheckingInWhileLoop,IfCheckingInWhileLoop
q_topic_classes_objects:q_py_obj_account1,CheckingCondition,NestedIfChecking
q_topic_classes_objects:q_py_obj_bus1,CheckingInWhileLoop,IfCheckingInWhileLoop
q_topic_classes_objects:q_py_obj_bus1,HandlingString,ReplacingStringContent
q_topic_classes_objects:q_py_obj_car1,TwoDimensionalArrayTask,Create2DArray
q_topic_classes_objects:q_py_obj_car1,HandlingFunction,NestedFunctionCall
q_topic_classes_objects:q_py_obj_car1,HandlingNestedFunction,CallingNestedFunction
q_topic_classes_objects:q_py_obj_car2,CheckingCondition,IfElifElseChecking
q_topic_classes_objects:q_py_obj_point1,CheckingInForLoop,IfElifCheckingInForLoop
q_topic_classes_objects:q_py_obj_point1,CheckingInForLoop,IfElifElseCheckingInForLoop
q_topic_classes_objects:q_py_obj_point1,CheckingInWhileLoop,IfElseCheckingInWhileLoop
q_topic_classes_objects:q_py_obj_point1,HandlingTuple,CreatingTuple
q_topic_classes_objects:q_py_obj_student1,CheckingCondition,NestedIfChecking
q_topic_classes_objects:q_py_obj_student1,CheckingInWhileLoop,IfElifElseCheckingInWhileLoop
q_topic_classes_objects:q_py_obj_student1,ArithmeticOperation,Addition
q_topic_classes_objects:q_py_obj_student1,HandlingDictionary,CreatingDictionary
q_topic_classes_objects:q_py_obj_student1,HandlingList,DeletingListElement
q_topic_classes_objects:q_py_obj_student1,ModifyingStringCase,ConvertStringToUpperCase
py_list_change,WhileLoopWithUpdate,WhileLoopWith*=
py_list_swap_adjacent_elements,HandlingNestedFunction,CallingNestedFunction
py_search_list_total_count,WhileLoopWithUpdate,WhileLoopWith*=
py_temperature,WhileLoopWithUpdate,WhileLoopWith*=
py_str_count,CheckingInForLoop,IfElifCheckingInForLoop
py_str_count,CheckingInForLoop,IfElifElseCheckingInForLoop
py_range3_2,WhileLoopWithUpdate,WhileLoopWith*=
py_write_squares_odd,WhileLoopWithUpdate,WhileLoopWith*=
py_input4,CheckingInForLoop,IfElifElseCheckingInForLoop
ps_python_dict_values,WhileLoopWithUpdate,WhileLoopWith*=
ps_python_nested_loops,ArithmeticOperation,Multiplication
ps_python_nested_loops,AddingListElement,AddingListElementWithInsert
ps_python_nested_loops,AddingListElement,AddingListElementWithAppend
